{
  "project_info": {
    "project_number": "22011293528",
    "project_id": "notes-334910",
    "storage_bucket": "notes-334910.appspot.com"
  },
  "client": [
    {
      "client_info": {
        "mobilesdk_app_id": "1:22011293528:android:1a71f019d55a6a1f7b3f2d",
        "android_client_info": {
          "package_name": "com.moveo.notes"
        }
      },
      "oauth_client": [
        {
          "client_id": "22011293528-n3ttfldik3rqt5rgodo591iqtcd2o0cl.apps.googleusercontent.com",
          "client_type": 1,
          "android_info": {
            "package_name": "com.moveo.notes",
            "certificate_hash": "6f614b0c21dda2d93a0b6fe5ee1f1fdb046a705f"
          }
        },
        {
          "client_id": "22011293528-l4mpfjoig2elfss0irohmee5h175vl3n.apps.googleusercontent.com",
          "client_type": 3
        }
      ],
      "api_key": [
        {
          "current_key": "AIzaSyBMUsrmMGoYi_1iuH0Y1YnThRedG00oSo8"
        }
      ],
      "services": {
        "appinvite_service": {
          "other_platform_oauth_client": [
            {
              "client_id": "22011293528-l4mpfjoig2elfss0irohmee5h175vl3n.apps.googleusercontent.com",
              "client_type": 3
            }
          ]
        }
      }
    }
  ],
  "configuration_version": "1"
}